{"stats":{"minecraft:killed":{"minecraft:zombie":2,"minecraft:spider":1},"minecraft:picked_up":{"minecraft:birch_log":31,"minecraft:stick":7,"minecraft:crafting_table":3,"minecraft:leather":2,"minecraft:wooden_pickaxe":4,"minecraft:sand":1,"minecraft:oak_log":6,"minecraft:string":6,"minecraft:spider_eye":1,"minecraft:dirt":12,"minecraft:stone_sword":1,"minecraft:stone_shovel":1,"minecraft:rotten_flesh":6,"minecraft:stone_axe":1,"minecraft:wheat_seeds":1,"minecraft:stone_pickaxe":1,"minecraft:sugar_cane":2,"minecraft:birch_sapling":1,"minecraft:oak_planks":38,"minecraft:coal":6,"minecraft:cobblestone":21,"minecraft:furnace":1},"minecraft:used":{"minecraft:stone_sword":6,"minecraft:stone_pickaxe":20,"minecraft:wooden_pickaxe":5,"minecraft:stone_axe":3,"minecraft:dirt":3,"minecraft:sand":1,"minecraft:cobblestone":2,"minecraft:crafting_table":1},"minecraft:killed_by":{"minecraft:player":1,"minecraft:zombie":2},"minecraft:mined":{"minecraft:crafting_table":1,"minecraft:oak_log":4,"minecraft:grass_block":1,"minecraft:coal_ore":6,"minecraft:sand":1,"minecraft:stone":19},"minecraft:dropped":{"minecraft:dirt":2,"minecraft:furnace":1,"minecraft:sugar_cane":1,"minecraft:wheat_seeds":1,"minecraft:crafting_table":1,"minecraft:birch_sapling":1,"minecraft:leather":2,"minecraft:spider_eye":1,"minecraft:wooden_pickaxe":3,"minecraft:birch_log":31},"minecraft:custom":{"minecraft:time_since_rest":2200,"minecraft:sprint_one_cm":46357,"minecraft:damage_taken":712,"minecraft:walk_one_cm":21646,"minecraft:mob_kills":4,"minecraft:drop":12,"minecraft:damage_dealt":547,"minecraft:swim_one_cm":3248,"minecraft:player_kills":1,"minecraft:interact_with_crafting_table":3,"minecraft:fly_one_cm":36727,"minecraft:crouch_one_cm":1486,"minecraft:play_time":9803,"minecraft:deaths":3,"minecraft:walk_under_water_one_cm":1052,"minecraft:sneak_time":503,"minecraft:jump":188,"minecraft:leave_game":1,"minecraft:walk_on_water_one_cm":8952,"minecraft:time_since_death":2175,"minecraft:total_world_time":9803,"minecraft:fall_one_cm":3513},"minecraft:crafted":{"minecraft:oak_planks":16,"minecraft:stone_shovel":1,"minecraft:crafting_table":1,"minecraft:stick":12,"minecraft:wooden_pickaxe":1,"minecraft:stone_pickaxe":1,"minecraft:stone_sword":1,"minecraft:stone_axe":1}},"DataVersion":3839}