{"stats":{"minecraft:custom":{"minecraft:time_since_rest":14708,"minecraft:crouch_one_cm":114,"minecraft:play_time":14708,"minecraft:sprint_one_cm":13526,"minecraft:damage_taken":135,"minecraft:walk_one_cm":36118,"minecraft:sneak_time":81,"minecraft:mob_kills":1,"minecraft:jump":114,"minecraft:damage_dealt":211,"minecraft:leave_game":1,"minecraft:time_since_death":14708,"minecraft:total_world_time":14708,"minecraft:fall_one_cm":2535,"minecraft:interact_with_crafting_table":4,"minecraft:fly_one_cm":11251},"minecraft:killed":{"minecraft:zombie":1},"minecraft:picked_up":{"minecraft:stick":2,"minecraft:crafting_table":3,"minecraft:oak_log":29,"minecraft:cobblestone":74},"minecraft:mined":{"minecraft:short_grass":1,"minecraft:oak_log":30,"minecraft:stone":74,"minecraft:oak_leaves":8,"minecraft:crafting_table":3},"minecraft:crafted":{"minecraft:oak_planks":116,"minecraft:stone_axe":2,"minecraft:crafting_table":1,"minecraft:stick":52,"minecraft:wooden_pickaxe":1,"minecraft:stone_pickaxe":2,"minecraft:wooden_axe":1},"minecraft:used":{"minecraft:stone_axe":28,"minecraft:wooden_axe":1,"minecraft:crafting_table":3,"minecraft:stone_pickaxe":55,"minecraft:wooden_pickaxe":19}},"DataVersion":3839}