{"stats":{"minecraft:custom":{"minecraft:time_since_rest":10520,"minecraft:crouch_one_cm":310,"minecraft:sprint_one_cm":9761,"minecraft:play_time":10520,"minecraft:damage_taken":20,"minecraft:walk_one_cm":7079,"minecraft:sneak_time":105,"minecraft:jump":19,"minecraft:damage_dealt":10,"minecraft:leave_game":9,"minecraft:walk_on_water_one_cm":410,"minecraft:time_since_death":10520,"minecraft:total_world_time":10520,"minecraft:interact_with_crafting_table":2,"minecraft:fall_one_cm":546,"minecraft:fly_one_cm":3813},"minecraft:picked_up":{"minecraft:crafting_table":1,"minecraft:cooked_porkchop":3,"minecraft:oak_log":9,"minecraft:sugar_cane":2},"minecraft:mined":{"minecraft:oak_log":6,"minecraft:sugar_cane":1},"minecraft:crafted":{"minecraft:wooden_sword":1,"minecraft:oak_planks":12,"minecraft:crafting_table":1,"minecraft:stick":4,"minecraft:wooden_pickaxe":1},"minecraft:used":{"minecraft:crafting_table":1}},"DataVersion":3839}