{"stats":{"minecraft:custom":{"minecraft:time_since_rest":7815,"minecraft:crouch_one_cm":310,"minecraft:sprint_one_cm":9708,"minecraft:play_time":7815,"minecraft:damage_taken":10,"minecraft:walk_one_cm":6997,"minecraft:sneak_time":105,"minecraft:jump":18,"minecraft:leave_game":6,"minecraft:walk_on_water_one_cm":410,"minecraft:time_since_death":7815,"minecraft:total_world_time":7815,"minecraft:interact_with_crafting_table":2,"minecraft:fall_one_cm":546,"minecraft:fly_one_cm":3773},"minecraft:picked_up":{"minecraft:oak_log":9,"minecraft:sugar_cane":2},"minecraft:mined":{"minecraft:oak_log":6,"minecraft:sugar_cane":1},"minecraft:crafted":{"minecraft:wooden_sword":1,"minecraft:oak_planks":12,"minecraft:crafting_table":1,"minecraft:stick":4,"minecraft:wooden_pickaxe":1},"minecraft:used":{"minecraft:crafting_table":1}},"DataVersion":3839}