{"stats":{"minecraft:custom":{"minecraft:jump":107,"minecraft:time_since_rest":12070,"minecraft:crouch_one_cm":1450,"minecraft:leave_game":4,"minecraft:play_time":12070,"minecraft:sprint_one_cm":14833,"minecraft:damage_taken":60,"minecraft:time_since_death":12070,"minecraft:walk_one_cm":7745,"minecraft:sneak_time":948,"minecraft:total_world_time":12070,"minecraft:fall_one_cm":3656,"minecraft:fly_one_cm":79496},"minecraft:picked_up":{"minecraft:stick":2,"minecraft:oak_log":6,"minecraft:apple":1,"minecraft:oak_sapling":3},"minecraft:mined":{"minecraft:oak_log":6,"minecraft:oak_leaves":10},"minecraft:crafted":{"minecraft:crafting_table":1,"minecraft:oak_planks":24,"minecraft:stick":16},"minecraft:used":{"minecraft:apple":1,"minecraft:oak_sapling":3}},"DataVersion":3839}