{"stats":{"minecraft:custom":{"minecraft:time_since_rest":130,"minecraft:interact_with_furnace":6,"minecraft:sprint_one_cm":75237,"minecraft:damage_taken":502,"minecraft:walk_one_cm":88304,"minecraft:mob_kills":6,"minecraft:drop":5,"minecraft:damage_dealt":870,"minecraft:interact_with_crafting_table":8,"minecraft:fly_one_cm":135291,"minecraft:crouch_one_cm":11574,"minecraft:play_time":37546,"minecraft:deaths":1,"minecraft:sneak_time":4857,"minecraft:jump":561,"minecraft:leave_game":5,"minecraft:walk_on_water_one_cm":1026,"minecraft:time_since_death":0,"minecraft:total_world_time":37546,"minecraft:fall_one_cm":10291},"minecraft:killed":{"minecraft:pig":3,"minecraft:zombie_villager":1,"minecraft:spider":1,"minecraft:creeper":1},"minecraft:picked_up":{"minecraft:stick":2,"minecraft:crafting_table":7,"minecraft:porkchop":7,"minecraft:oak_log":33,"minecraft:gunpowder":1,"minecraft:string":2,"minecraft:dirt":31,"minecraft:apple":1,"minecraft:oak_sapling":10,"minecraft:coal":9,"minecraft:cobblestone":25,"minecraft:furnace":1},"minecraft:mined":{"minecraft:furnace":1,"minecraft:crafting_table":6,"minecraft:short_grass":1,"minecraft:oak_log":34,"minecraft:grass_block":24,"minecraft:coal_ore":10,"minecraft:dirt":7,"minecraft:stone":25,"minecraft:oak_leaves":13},"minecraft:crafted":{"minecraft:oak_planks":44,"minecraft:stone_shovel":1,"minecraft:cooked_porkchop":5,"minecraft:crafting_table":1,"minecraft:stick":16,"minecraft:wooden_pickaxe":1,"minecraft:stone_pickaxe":1,"minecraft:stone_sword":1,"minecraft:furnace":2,"minecraft:stone_axe":1,"minecraft:air":0},"minecraft:dropped":{"minecraft:crafting_table":2,"minecraft:cooked_porkchop":3},"minecraft:used":{"minecraft:stone_sword":7,"minecraft:apple":1,"minecraft:stone_shovel":22,"minecraft:stone_pickaxe":17,"minecraft:wooden_pickaxe":20,"minecraft:stone_axe":38,"minecraft:dirt":23,"minecraft:crafting_table":5,"minecraft:furnace":1,"minecraft:oak_sapling":3,"minecraft:cooked_porkchop":3},"minecraft:killed_by":{"minecraft:creeper":1}},"DataVersion":3839}