{"stats":{"minecraft:killed":{"minecraft:sheep":5,"minecraft:skeleton":1,"minecraft:chicken":4},"minecraft:picked_up":{"minecraft:birch_log":1,"minecraft:crafting_table":2,"minecraft:stick":5,"minecraft:feather":3,"minecraft:chicken":5,"minecraft:gravel":2,"minecraft:flint":1,"minecraft:sand":2,"minecraft:oak_log":31,"minecraft:dirt":38,"minecraft:stone_sword":1,"minecraft:rotten_flesh":3,"minecraft:cooked_mutton":2,"minecraft:arrow":2,"minecraft:stone_axe":1,"minecraft:wheat_seeds":3,"minecraft:stone_pickaxe":1,"minecraft:gray_wool":1,"minecraft:light_gray_wool":2,"minecraft:oak_sapling":1,"minecraft:sugar_cane":32,"minecraft:mutton":10,"minecraft:white_wool":2,"minecraft:cobblestone":27,"minecraft:egg":4},"minecraft:used":{"minecraft:oak_log":2,"minecraft:stone_sword":15,"minecraft:stone_shovel":1,"minecraft:wooden_pickaxe":27,"minecraft:stone_axe":14,"minecraft:sand":2,"minecraft:dirt":15,"minecraft:mutton":2,"minecraft:crafting_table":2,"minecraft:oak_sapling":1,"minecraft:egg":4},"minecraft:killed_by":{"minecraft:spider":1},"minecraft:mined":{"minecraft:tall_seagrass":1,"minecraft:crafting_table":2,"minecraft:short_grass":3,"minecraft:grass_block":2,"minecraft:oak_log":23,"minecraft:dirt":1,"minecraft:gravel":3,"minecraft:sand":2,"minecraft:stone":27,"minecraft:sugar_cane":10,"minecraft:oak_leaves":4},"minecraft:dropped":{"minecraft:stone_axe":1,"minecraft:dirt":1,"minecraft:wheat_seeds":1,"minecraft:oak_log":1,"minecraft:stone_sword":1,"minecraft:stone_pickaxe":1,"minecraft:wooden_pickaxe":1,"minecraft:arrow":1,"minecraft:stick":1},"minecraft:custom":{"minecraft:time_since_rest":10439,"minecraft:sprint_one_cm":85663,"minecraft:damage_taken":250,"minecraft:walk_one_cm":28668,"minecraft:mob_kills":10,"minecraft:drop":9,"minecraft:damage_dealt":961,"minecraft:swim_one_cm":25299,"minecraft:interact_with_crafting_table":3,"minecraft:fly_one_cm":133763,"minecraft:crouch_one_cm":2678,"minecraft:play_time":26568,"minecraft:deaths":1,"minecraft:sneak_time":1928,"minecraft:walk_under_water_one_cm":1935,"minecraft:jump":421,"minecraft:leave_game":1,"minecraft:time_since_death":10415,"minecraft:walk_on_water_one_cm":10760,"minecraft:total_world_time":26568,"minecraft:fall_one_cm":4095},"minecraft:crafted":{"minecraft:oak_planks":40,"minecraft:stone_shovel":1,"minecraft:crafting_table":1,"minecraft:stick":16,"minecraft:wooden_pickaxe":1,"minecraft:stone_pickaxe":1,"minecraft:stone_sword":1,"minecraft:furnace":2,"minecraft:stone_axe":1}},"DataVersion":3839}