{"stats":{"minecraft:custom":{"minecraft:time_since_rest":24070,"minecraft:crouch_one_cm":7752,"minecraft:sprint_one_cm":37869,"minecraft:play_time":24070,"minecraft:damage_taken":120,"minecraft:walk_one_cm":40854,"minecraft:sneak_time":3585,"minecraft:jump":344,"minecraft:time_since_death":24070,"minecraft:leave_game":4,"minecraft:walk_on_water_one_cm":316,"minecraft:total_world_time":24070,"minecraft:interact_with_crafting_table":5,"minecraft:fall_one_cm":8288,"minecraft:fly_one_cm":99487},"minecraft:picked_up":{"minecraft:crafting_table":4,"minecraft:stick":2,"minecraft:apple":1,"minecraft:oak_log":11,"minecraft:oak_sapling":3,"minecraft:dirt":10,"minecraft:cobblestone":19},"minecraft:mined":{"minecraft:grass_block":4,"minecraft:oak_log":11,"minecraft:dirt":6,"minecraft:stone":19,"minecraft:oak_leaves":11,"minecraft:crafting_table":4},"minecraft:crafted":{"minecraft:stone_sword":1,"minecraft:furnace":1,"minecraft:oak_planks":44,"minecraft:stone_shovel":1,"minecraft:stone_axe":1,"minecraft:crafting_table":1,"minecraft:stick":16,"minecraft:stone_pickaxe":1,"minecraft:wooden_pickaxe":1},"minecraft:used":{"minecraft:stone_axe":3,"minecraft:apple":1,"minecraft:crafting_table":4,"minecraft:oak_sapling":3,"minecraft:wooden_pickaxe":20}},"DataVersion":3839}