{"stats":{"minecraft:killed":{"minecraft:skeleton":1},"minecraft:picked_up":{"minecraft:arrow":1,"minecraft:wheat_seeds":1,"minecraft:sand":2,"minecraft:oak_log":7,"minecraft:sugar_cane":9,"minecraft:dirt":1},"minecraft:used":{"minecraft:oak_log":1,"minecraft:dirt":10},"minecraft:mined":{"minecraft:short_grass":2,"minecraft:grass_block":1,"minecraft:oak_log":7,"minecraft:sand":2,"minecraft:sugar_cane":5},"minecraft:dropped":{"minecraft:dirt":1,"minecraft:oak_log":1},"minecraft:custom":{"minecraft:time_since_rest":14568,"minecraft:crouch_one_cm":592,"minecraft:sprint_one_cm":33948,"minecraft:play_time":14568,"minecraft:damage_taken":140,"minecraft:walk_one_cm":10292,"minecraft:sneak_time":746,"minecraft:mob_kills":1,"minecraft:drop":2,"minecraft:jump":117,"minecraft:damage_dealt":208,"minecraft:leave_game":1,"minecraft:walk_on_water_one_cm":709,"minecraft:time_since_death":14568,"minecraft:total_world_time":14568,"minecraft:fall_one_cm":1527,"minecraft:fly_one_cm":77911}},"DataVersion":3839}