{"stats":{"minecraft:killed":{"minecraft:sheep":3,"minecraft:chicken":1,"minecraft:cow":2},"minecraft:picked_up":{"minecraft:birch_log":62,"minecraft:stick":4,"minecraft:crafting_table":5,"minecraft:chicken":1,"minecraft:leather":4,"minecraft:wooden_pickaxe":4,"minecraft:oak_log":15,"minecraft:dirt":8,"minecraft:stone_sword":2,"minecraft:rotten_flesh":3,"minecraft:stone_shovel":2,"minecraft:stone_axe":3,"minecraft:wheat_seeds":2,"minecraft:beef":4,"minecraft:stone_pickaxe":3,"minecraft:rose_bush":3,"minecraft:coal":12,"minecraft:light_gray_wool":2,"minecraft:sugar_cane":2,"minecraft:birch_sapling":2,"minecraft:mutton":5,"minecraft:oak_planks":18,"minecraft:furnace":2,"minecraft:white_wool":4,"minecraft:cobblestone":66,"minecraft:egg":1},"minecraft:used":{"minecraft:stone_sword":27,"minecraft:stone_pickaxe":25,"minecraft:oak_planks":32,"minecraft:wooden_pickaxe":14,"minecraft:stone_axe":35,"minecraft:dirt":6,"minecraft:cobblestone":14,"minecraft:crafting_table":3,"minecraft:furnace":1,"minecraft:cooked_beef":4},"minecraft:killed_by":{"minecraft:player":1},"minecraft:mined":{"minecraft:furnace":1,"minecraft:birch_log":29,"minecraft:birch_leaves":3,"minecraft:crafting_table":3,"minecraft:short_grass":13,"minecraft:grass_block":3,"minecraft:oak_log":15,"minecraft:rose_bush":4,"minecraft:dirt":5,"minecraft:stone":38,"minecraft:sugar_cane":2,"minecraft:oak_leaves":8},"minecraft:dropped":{"minecraft:stone_axe":1,"minecraft:sugar_cane":1,"minecraft:stone_sword":1,"minecraft:wooden_axe":1,"minecraft:birch_sapling":1,"minecraft:stone_shovel":1,"minecraft:oak_planks":12,"minecraft:wooden_pickaxe":2,"minecraft:stone_pickaxe":1,"minecraft:coal":6},"minecraft:custom":{"minecraft:time_since_rest":1348,"minecraft:interact_with_furnace":7,"minecraft:sprint_one_cm":59202,"minecraft:damage_taken":894,"minecraft:walk_one_cm":43674,"minecraft:mob_kills":6,"minecraft:drop":11,"minecraft:damage_dealt":731,"minecraft:swim_one_cm":4048,"minecraft:player_kills":1,"minecraft:interact_with_crafting_table":5,"minecraft:fly_one_cm":63590,"minecraft:crouch_one_cm":5906,"minecraft:play_time":22641,"minecraft:deaths":2,"minecraft:sneak_time":2645,"minecraft:walk_under_water_one_cm":505,"minecraft:jump":349,"minecraft:walk_on_water_one_cm":4631,"minecraft:time_since_death":1316,"minecraft:total_world_time":22641,"minecraft:fall_one_cm":5180},"minecraft:crafted":{"minecraft:cooked_beef":4,"minecraft:oak_planks":56,"minecraft:crafting_table":1,"minecraft:stick":12,"minecraft:wooden_pickaxe":1,"minecraft:stone_pickaxe":1,"minecraft:wooden_axe":1,"minecraft:stone_sword":1,"minecraft:furnace":1,"minecraft:stone_axe":1,"minecraft:cooked_mutton":2,"minecraft:air":0}},"DataVersion":3839}