{"stats":{"minecraft:picked_up":{"minecraft:oak_log":7},"minecraft:used":{"minecraft:oak_planks":20},"minecraft:mined":{"minecraft:short_grass":2,"minecraft:oak_log":7,"minecraft:birch_leaves":3,"minecraft:oak_leaves":4},"minecraft:custom":{"minecraft:jump":97,"minecraft:time_since_rest":10641,"minecraft:damage_dealt":50,"minecraft:crouch_one_cm":2547,"minecraft:sprint_one_cm":9824,"minecraft:play_time":10641,"minecraft:damage_taken":195,"minecraft:time_since_death":10641,"minecraft:walk_one_cm":19211,"minecraft:sneak_time":1275,"minecraft:total_world_time":10641,"minecraft:fall_one_cm":753,"minecraft:fly_one_cm":13678},"minecraft:crafted":{"minecraft:oak_planks":20}},"DataVersion":3839}