{"stats":{"minecraft:picked_up":{"minecraft:stick":1,"minecraft:sand":2,"minecraft:oak_log":6,"minecraft:oak_planks":17,"minecraft:dirt":7,"minecraft:cobblestone":23},"minecraft:used":{"minecraft:dirt":7,"minecraft:sand":2,"minecraft:crafting_table":1,"minecraft:wooden_pickaxe":32},"minecraft:mined":{"minecraft:short_grass":1,"minecraft:grass_block":1,"minecraft:oak_log":6,"minecraft:dirt":6,"minecraft:sand":2,"minecraft:stone":24,"minecraft:diorite":1,"minecraft:oak_leaves":1},"minecraft:dropped":{"minecraft:oak_planks":17,"minecraft:wooden_pickaxe":1},"minecraft:custom":{"minecraft:time_since_rest":5853,"minecraft:sprint_one_cm":10477,"minecraft:play_time":5853,"minecraft:damage_taken":212,"minecraft:walk_one_cm":10149,"minecraft:drop":2,"minecraft:jump":21,"minecraft:leave_game":1,"minecraft:time_since_death":5853,"minecraft:total_world_time":5853,"minecraft:interact_with_crafting_table":5,"minecraft:fall_one_cm":335,"minecraft:fly_one_cm":1437},"minecraft:crafted":{"minecraft:oak_planks":24,"minecraft:crafting_table":1,"minecraft:stick":4,"minecraft:wooden_pickaxe":1}},"DataVersion":3839}